precinct,lon,lat
Precinct01,-73.99911824717667,40.7265423125872
Precinct01,-73.99836119306708,40.72616746776045
Precinct01,-73.99761019591818,40.72579713809984
Precinct01,-73.99677175777505,40.72543194350264
Precinct01,-73.99684295933554,40.725347837869776
Precinct01,-73.99778508864233,40.724234894250735
Precinct01,-73.99881172246083,40.72302140919117
Precinct01,-73.99952163175969,40.72218334688825
Precinct01,-73.99985330434208,40.72179178766753
Precinct01,-74.00066072523035,40.720839794377795
Precinct01,-74.0014245100964,40.719937198165916
Precinct01,-74.00188406309478,40.71939757028781
Precinct01,-74.00209161668549,40.71915339284899
Precinct01,-74.00253798721954,40.71862688357911
Precinct01,-74.00304533455166,40.71802581664014
Precinct01,-74.00353244739755,40.717449430609264
Precinct01,-74.00402602619415,40.716871017684575
Precinct01,-74.00419822714433,40.71667044970024
Precinct01,-74.00453350110088,40.71627991256102
Precinct01,-74.00497612896957,40.715759939895534
Precinct01,-74.00541948410378,40.71523605705498
Precinct01,-74.00588849736322,40.71467728518714
Precinct01,-74.00630969599493,40.71416582661869
Precinct01,-74.00481860655783,40.713475000498775
Precinct01,-74.00405900803744,40.71313479025531
Precinct01,-74.00421405367503,40.712980742642195
Precinct01,-74.00429113891556,40.712907825695886
Precinct01,-74.00460261285207,40.71265752000517
Precinct01,-74.00485768087732,40.71245254111691
Precinct01,-74.0049871665652,40.71237485717677
Precinct01,-74.00512712618752,40.71230677325996
Precinct01,-74.00527561958643,40.712249439992746
Precinct01,-74.00543047939837,40.71220369524702
Precinct01,-74.0054581989065,40.71219782496352
Precinct01,-74.00558932954131,40.71217005375554
Precinct01,-74.00574044668751,40.71208875703634
Precinct01,-74.00589175101486,40.71200715956491
Precinct01,-74.00573499331394,40.71197868839692
Precinct01,-74.00566290071504,40.71198231557449
Precinct01,-74.00529195450655,40.71200097897737
Precinct01,-74.00520688890471,40.711990176696055
Precinct01,-74.00512487522043,40.711965488072096
Precinct01,-74.0050516064839,40.71192812073176
Precinct01,-74.0049916384807,40.71188096282683
Precinct01,-74.00443160395999,40.71151306415221
Precinct01,-74.00425246221761,40.71138934083344
Precinct01,-74.00391102115795,40.71117478838408
Precinct01,-74.0038527832684,40.71114209309843
Precinct01,-74.00361454307568,40.71100834793827
Precinct01,-74.00355036463868,40.71097316641705
Precinct01,-74.00343203072377,40.71087981407516
Precinct01,-74.00338054973804,40.710826163734744
Precinct01,-74.0031563339572,40.71067297502858
Precinct01,-74.00308193099914,40.71062428716192
Precinct01,-74.00210952706912,40.709893912898835
Precinct01,-74.00166466865358,40.70952276305005
Precinct01,-74.0008601109041,40.70879094707493
Precinct01,-74.0004835408566,40.708350862733916
Precinct01,-74.00013109195302,40.707913267233124
Precinct01,-74.00007514781151,40.70784723531564
Precinct01,-74.00003379419385,40.707806799995986
Precinct01,-73.9999588166742,40.70768818345429
Precinct01,-73.99989574568755,40.707617737944084
Precinct01,-73.9999485594979,40.707591496370966
Precinct01,-73.99994505655111,40.7075826274859
Precinct01,-73.9999485595232,40.70755869105115
Precinct01,-73.99995671262306,40.70753119885585
Precinct01,-73.99997222648798,40.70750639882204
Precinct01,-73.99999645016025,40.707491647898486
Precinct01,-74.00013868859142,40.7074050544075
Precinct01,-74.00023380525761,40.70734714248683
Precinct01,-74.0004002783203,40.70726027957068
Precinct01,-74.00055247932056,40.70718427542038
Precinct01,-74.00077175219104,40.707080148703334
Precinct01,-74.00084973367689,40.707043119139115
Precinct01,-74.00088259097623,40.707025253300515
Precinct01,-74.0011868526283,40.70685982526918
Precinct01,-74.001131305772,40.706799050181935
Precinct01,-74.00122367538822,40.70674526164774
Precinct01,-74.00123213691967,40.70674033693098
Precinct01,-74.00122701299958,40.70673486990648
Precinct01,-74.00116039022576,40.70666372083431
Precinct01,-74.00117521610984,40.70664874526913
Precinct01,-74.00116913341543,40.70663949766775
Precinct01,-74.00117643567688,40.70663505879536
Precinct01,-74.0011760207968,40.70662757435898
Precinct01,-74.00098276691733,40.70641671349552
Precinct01,-74.00140533024054,40.70618013470528
Precinct01,-74.00140666691954,40.706179388020644
Precinct01,-74.00140581495842,40.706178612883114
Precinct01,-74.0005829704798,40.7054339336489
Precinct01,-74.0005924020935,40.7054100794135
Precinct01,-74.00084523503796,40.70525451884621
Precinct01,-74.00143719471637,40.70487222494061
Precinct01,-74.00145437418846,40.70487330292948
Precinct01,-74.00146085765638,40.7048737173095
Precinct01,-74.00183509983015,40.70521225882238
Precinct01,-74.00205517727979,40.70541134986922
Precinct01,-74.00206142563809,40.70541700564076
Precinct01,-74.00206282084557,40.705416076845374
Precinct01,-74.00212278686422,40.705379002672466
Precinct01,-74.0021581834855,40.705357119118524
Precinct01,-74.00256965059467,40.70552357952351
Precinct01,-74.00268512768794,40.70544924811866
Precinct01,-74.00236285311746,40.705158966692586
Precinct01,-74.00241573476919,40.705129311282505
Precinct01,-74.00238385458344,40.7051012702508
Precinct01,-74.00197070397948,40.7047378684872
Precinct01,-74.00197014837805,40.70473115920231
Precinct01,-74.00203201379027,40.70469295373008
Precinct01,-74.002171849419,40.70460659646368
Precinct01,-74.00218562331565,40.70460701887393
Precinct01,-74.00233344621164,40.70474813530699
Precinct01,-74.00233393075767,40.70474260740416
Precinct01,-74.00242059318666,40.704680334101184
Precinct01,-74.00243071075865,40.704677858004345
Precinct01,-74.00248839829258,40.7047267723512
Precinct01,-74.00248790148639,40.70473376109163
Precinct01,-74.00239832748956,40.70479492564343
Precinct01,-74.00238670740679,40.70479566367449
Precinct01,-74.00332307270787,40.70562859522006
Precinct01,-74.00358262337757,40.705461128831146
Precinct01,-74.00363187169326,40.705429806751745
Precinct01,-74.00364446183868,40.7054216846388
Precinct01,-74.00383327532258,40.705303243026385
Precinct01,-74.00366217837693,40.70514975923657
Precinct01,-74.00358390952111,40.70519264864541
Precinct01,-74.00355259950756,40.705166440834184
Precinct01,-74.00363086901315,40.70512355144647
Precinct01,-74.00262896407828,40.70422295278143
Precinct01,-74.002866897815,40.704075225511566
Precinct01,-74.00405666439265,40.70514736343892
Precinct01,-74.00426687037428,40.70501166020204
Precinct01,-74.00458622952465,40.70479945067928
Precinct01,-74.00484062824783,40.70463977952648
Precinct01,-74.00492037826479,40.704591004973324
Precinct01,-74.0051880506732,40.704420535188014
Precinct01,-74.00521160900404,40.704405532235334
Precinct01,-74.00526035829184,40.704374488410124
Precinct01,-74.00535027224755,40.70431007996153
Precinct01,-74.00566330640653,40.704104243975614
Precinct01,-74.00589129888934,40.703959853944546
Precinct01,-74.00602048621096,40.70387490010186
Precinct01,-74.00614106753558,40.703980973937995
Precinct01,-74.00634215560272,40.70384982210485
Precinct01,-74.00643259271952,40.70379118995163
Precinct01,-74.00659591913875,40.703685902451845
Precinct01,-74.006320807539,40.70346676102887
Precinct01,-74.00631484519418,40.70346132409439
Precinct01,-74.00630030777441,40.703448234988265
Precinct01,-74.0059114573594,40.703098111430414
Precinct01,-74.00589941745793,40.70308727019193
Precinct01,-74.0058874726644,40.70307651572638
Precinct01,-74.00555843304458,40.702781256387276
Precinct01,-74.0054838408244,40.70271432213405
Precinct01,-74.00552682615239,40.70268528761711
Precinct01,-74.00550531272071,40.70266684658556
Precinct01,-74.00547130861273,40.70268982858091
Precinct01,-74.00543599763355,40.70265955541134
Precinct01,-74.00542728826248,40.70266543619403
Precinct01,-74.00530412596079,40.70255986563302
Precinct01,-74.00549427805105,40.70243138195556
Precinct01,-74.00550166067454,40.70243086729444
Precinct01,-74.00561361797627,40.70253024203234
Precinct01,-74.00560163196413,40.7025380597699
Precinct01,-74.00560905264517,40.7025528185537
Precinct01,-74.00559479485831,40.70256801982689
Precinct01,-74.00559935100478,40.70258016783928
Precinct01,-74.00559022977765,40.70258581428387
Precinct01,-74.00559194611431,40.702598835921144
Precinct01,-74.00558509547804,40.702604050202375
Precinct01,-74.00558909594902,40.70261273059684
Precinct01,-74.00553546138171,40.70264552060426
Precinct01,-74.00555771998816,40.702664394652025
Precinct01,-74.00567522249858,40.70258407270014
Precinct01,-74.00598430339494,40.70286001804111
Precinct01,-74.00608976093835,40.70295112049115
Precinct01,-74.00623870508532,40.70307978930158
Precinct01,-74.00636372730409,40.703187792252514
Precinct01,-74.00646028831747,40.70327120753148
Precinct01,-74.00649425191108,40.70330054817178
Precinct01,-74.00654880812654,40.703367615085874
Precinct01,-74.00655720878513,40.70336314883586
Precinct01,-74.00675541584032,40.703541489476805
Precinct01,-74.00678502191052,40.70356812790527
Precinct01,-74.00699466002457,40.7034411885666
Precinct01,-74.00722046663674,40.70330197730325
Precinct01,-74.007519052838,40.703121820237115
Precinct01,-74.0075271497927,40.70311498141614
Precinct01,-74.00760498179525,40.70299314165838
Precinct01,-74.00764555161307,40.702928174778926
Precinct01,-74.00769798694184,40.70284927904936
Precinct01,-74.00795594887987,40.702692529441954
Precinct01,-74.00836148391231,40.70244453901637
Precinct01,-74.00911037361753,40.701983871013596
Precinct01,-74.0091420219537,40.7019728489001
Precinct01,-74.00929072600611,40.70193007182197
Precinct01,-74.00869964313567,40.70113986754221
Precinct01,-74.0077554915064,40.70154800167179
Precinct01,-74.00759136204213,40.70132808054552
Precinct01,-74.008536115107745,40.70091969574505
Precinct01,-74.008349275591,40.7006693483882
Precinct01,-74.00862036163876,40.70055216421584
Precinct01,-74.00958483017612,40.701837386065804
Precinct01,-74.01105603841502,40.701454181412075
Precinct01,-74.01118088303541,40.701451392253695
Precinct01,-74.01110775373041,40.70127576447365
Precinct01,-74.01128983905515,40.701249981741675
Precinct01,-74.0112097577877,40.701044583273756
Precinct01,-74.01112868539609,40.70106489745045
Precinct01,-74.01107837974551,40.700957120315074
Precinct01,-74.01106708568963,40.70091494089484
Precinct01,-74.01110886351555,40.700901420606286
Precinct01,-74.01109386310785,40.700866410873616
Precinct01,-74.01109337389363,40.70085125607299
Precinct01,-74.01107872437127,40.70085194903638
Precinct01,-74.01105584312833,40.70081153127281
Precinct01,-74.01105943295765,40.70080262099245
Precinct01,-74.01103748928746,40.7007571312481
Precinct01,-74.01101538388583,40.70074112479906
Precinct01,-74.01102945843253,40.700731171496294
Precinct01,-74.01101999687323,40.700712395448335
Precinct01,-74.01100668082337,40.70071138770599
Precinct01,-74.01099272755786,40.70069059304705
Precinct01,-74.0110085466105,40.70068355723434
Precinct01,-74.01100361903022,40.70066806679778
Precinct01,-74.0109913441061,40.70067335177942
Precinct01,-74.01096997178928,40.700645536089574
Precinct01,-74.01098841773411,40.70063424450253
Precinct01,-74.01095827294422,40.7005745921026
Precinct01,-74.01093617683645,40.70057584194702
Precinct01,-74.01092482717033,40.70056679303635
Precinct01,-74.01092557334937,40.70055583199386
Precinct01,-74.01094712848688,40.700537743035746
Precinct01,-74.01091918086533,40.70048646359446
Precinct01,-74.01090496934053,40.7004917842665
Precinct01,-74.01088462665342,40.70046142740956
Precinct01,-74.01090366423298,40.70045138201495
Precinct01,-74.01078537980491,40.70023251447074
Precinct01,-74.01079959311006,40.70020721300696
Precinct01,-74.01081530667376,40.700200444603745
Precinct01,-74.01085157384671,40.700238511084905
Precinct01,-74.01093093205078,40.700415152334386
Precinct01,-74.01100364429965,40.7005811094415
Precinct01,-74.01104377249544,40.70068284521962
Precinct01,-74.01107427475976,40.70074833789611
Precinct01,-74.01110436404355,40.70081064942935
Precinct01,-74.01113362222922,40.70086787440551
Precinct01,-74.01115033556847,40.70089840060352
Precinct01,-74.01135836291346,40.700851958133754
Precinct01,-74.0113031892116,40.70064784403631
Precinct01,-74.0112981643226,40.70059888503188
Precinct01,-74.0113098641094,40.70057980068849
Precinct01,-74.01133409410411,40.70056835317968
Precinct01,-74.01136082267432,40.700565810999244
Precinct01,-74.0113817187564,40.700570257117825
Precinct01,-74.01139508123386,40.700590607673746
Precinct01,-74.01143269912255,40.700674541618824
Precinct01,-74.01146947437395,40.70074892825803
Precinct01,-74.01150291143712,40.70081505897421
Precinct01,-74.01172926817476,40.70077011805966
Precinct01,-74.01170009248338,40.70072153863589
Precinct01,-74.01168275397707,40.70069334506205
Precinct01,-74.01166539833076,40.70063756109282
Precinct01,-74.01163149614044,40.70055539174732
Precinct01,-74.01161019835878,40.70049300642146
Precinct01,-74.01161413587113,40.70047261846256
Precinct01,-74.01163147918649,40.7004582182481
Precinct01,-74.01167798034295,40.70046181520745
Precinct01,-74.01170321011992,40.70048100238678
Precinct01,-74.0117260583568,40.70047860442187
Precinct01,-74.01175129264944,40.700530788088855
Precinct01,-74.01177730827746,40.700570974877515
Precinct01,-74.0118261923343,40.70066634278202
Precinct01,-74.01183407601519,40.70068613447613
Precinct01,-74.01184827026107,40.700729925303335
Precinct01,-74.01185378549589,40.70073892145015
Precinct01,-74.01199159781133,40.70070483146642
Precinct01,-74.01208668214693,40.70068130873918
Precinct01,-74.01208509377953,40.700664514803854
Precinct01,-74.01206932171665,40.70059973334407
Precinct01,-74.01203856797002,40.7005289563097
Precinct01,-74.01197670642495,40.7003784242992
Precinct01,-74.01190488098494,40.700226930001975
Precinct01,-74.01185672556994,40.70010710340839
Precinct01,-74.01193096316568,40.70005120965431
Precinct01,-74.01196196116918,40.70003754559545
Precinct01,-74.01204027930206,40.70004809164553
Precinct01,-74.01208842091683,40.70008658368945
Precinct01,-74.0121275950614,40.70014308650671
Precinct01,-74.0121577915851,40.70021137814554
Precinct01,-74.01217247960996,40.70023311559768
Precinct01,-74.0122369454993,40.700321277341686
Precinct01,-74.012254902849,40.70036473434146
Precinct01,-74.01231855974251,40.70048828759264
Precinct01,-74.01236222440261,40.70057582996201
Precinct01,-74.01239160032276,40.700620527591425
Precinct01,-74.01259392327508,40.70057083347242
Precinct01,-74.01259064684221,40.700511850508086
Precinct01,-74.01255471870938,40.700359730657745
Precinct01,-74.01252899955233,40.700252320356945
Precinct01,-74.01251593564191,40.70018464848013
Precinct01,-74.01251511280124,40.70015049211081
Precinct01,-74.01254202780166,40.7001349741483
Precinct01,-74.01261382087355,40.7001082653085
Precinct01,-74.0126480885808,40.7001150877804
Precinct01,-74.01268072728449,40.700146755381454
Precinct01,-74.0127349915857,40.70021877320353
Precinct01,-74.01279619139243,40.70030009938202
Precinct01,-74.01283454933399,40.7003528742319
Precinct01,-74.01286637756563,40.70040751337172
Precinct01,-74.01288188403376,40.70044165938353
Precinct01,-74.01290474249372,40.70049691216278
Precinct01,-74.01290881793956,40.7005236116935
Precinct01,-74.01300205335569,40.700516028968025
Precinct01,-74.01310747847371,40.700507452180645
Precinct01,-74.01311155389506,40.700472053044614
Precinct01,-74.01311153191469,40.70036029110572
Precinct01,-74.01309395831629,40.700223693239856
Precinct01,-74.01307843485952,40.70010324258423
Precinct01,-74.0130249570557,40.69988283020606
Precinct01,-74.0130118926586,40.69981825663123
Precinct01,-74.0130208570276,40.69979341886536
Precinct01,-74.01304370092437,40.699774784735865
Precinct01,-74.01311303826314,40.69977416588525
Precinct01,-74.01314078965092,40.69980333792549
Precinct01,-74.01315384897731,40.69984494048537
Precinct01,-74.01316691626805,40.69993124433758
Precinct01,-74.01317753563323,40.70001754746247
Precinct01,-74.01318571684631,40.70010323034386
Precinct01,-74.01320084197307,40.70023982747352
Precinct01,-74.01320736787197,40.700275216518826
Precinct01,-74.013222880169,40.700333586085414
Precinct01,-74.01327349483086,40.70049687022777
Precinct01,-74.01348560832739,40.700478222908394
Precinct01,-74.01348068493701,40.7003577710684
Precinct01,-74.01348311536113,40.700263388116284
Precinct01,-74.01350349660866,40.700176459528265
Precinct01,-74.01353285018092,40.700108160920664
Precinct01,-74.01358669315087,40.70007959034501
Precinct01,-74.01361029830733,40.700084298589694
Precinct01,-74.01367479314794,40.700125821450825
Precinct01,-74.01366274969912,40.70013665703527
Precinct01,-74.01364265186702,40.70016178280938
Precinct01,-74.01361182269157,40.70024517465057
Precinct01,-74.01357049009951,40.70023220337395
Precinct01,-74.01356130931909,40.70029512215821
Precinct01,-74.01353310205637,40.700297124245715
Precinct01,-74.01353047796475,40.70031110034647
Precinct01,-74.01356131236537,40.70031009758511
Precinct01,-74.01356034144283,40.70036653343726
Precinct01,-74.01352950889165,40.7003735241241
Precinct01,-74.0135314747603,40.70038201618361
Precinct01,-74.01356297111606,40.70038001320642
Precinct01,-74.01355970548923,40.700438933924836
Precinct01,-74.01352361756736,40.700441937578304
Precinct01,-74.013522959189,40.70046041540698
Precinct01,-74.01358070018833,40.70045691449295
Precinct01,-74.01358541798506,40.700501912756216
Precinct01,-74.01355283229525,40.70050335816964
Precinct01,-74.01357712822566,40.70064368147604
Precinct01,-74.01351039592653,40.700650371152065
Precinct01,-74.01355826959487,40.700939870830524
Precinct01,-74.01395152756511,40.700990982459956
Precinct01,-74.01409198385485,40.70055161832716
Precinct01,-74.01410490300086,40.70051082838683
Precinct01,-74.01409144949487,40.70050833672693
Precinct01,-74.01412821190833,40.70039328255715
Precinct01,-74.01413726388596,40.7003949552103
Precinct01,-74.01414860637789,40.70032057172371
Precinct01,-74.01417467279454,40.70026089129383
Precinct01,-74.01422063195506,40.700111491868306
Precinct01,-74.01430981311296,40.7001212960687
Precinct01,-74.01430981586157,40.70013410151561
Precinct01,-74.0141778793178,40.70054147355369
Precinct01,-74.01416495763293,40.70053905203079
Precinct01,-74.014152387873,40.70057786578352
Precinct01,-74.01428920741134,40.70064414476506
Precinct01,-74.01430157023232,40.700632211270126
Precinct01,-74.0142965168929,40.70062918652366
Precinct01,-74.01431530264759,40.70061103797418
Precinct01,-74.01431796468086,40.70061249730781
Precinct01,-74.01436783583223,40.70054612266752
Precinct01,-74.01444813150721,40.700447372399935
Precinct01,-74.01455999973693,40.700309786779634
Precinct01,-74.014575133320335,40.700316916331175
Precinct01,-74.01458425440427,40.70030846895508
Precinct01,-74.01458234409444,40.70028387552854
Precinct01,-74.01463294333469,40.700197430412395
Precinct01,-74.01467119992019,40.70021040169968
Precinct01,-74.01466717213708,40.70023938090731
Precinct01,-74.01465386124694,40.700242641175116
Precinct01,-74.01460863003739,40.70030970824581
Precinct01,-74.01460825448508,40.70032365711382
Precinct01,-74.01455219325999,40.70038298075156
Precinct01,-74.01449342549972,40.70044516925058
Precinct01,-74.01449246893424,40.700454669002845
Precinct01,-74.01448492126376,40.70046115359196
Precinct01,-74.01447857931358,40.70046208215573
Precinct01,-74.01440947394667,40.70055133141232
Precinct01,-74.01439689988952,40.70056348189313
Precinct01,-74.01439480693739,40.70057047909727
Precinct01,-74.01432384363015,40.70066130412711
Precinct01,-74.01464323234912,40.70081730432509
Precinct01,-74.01472424834412,40.700714293894286
Precinct01,-74.0147714243913,40.70066365140427
Precinct01,-74.01481236514054,40.70061084993614
Precinct01,-74.01485926659423,40.70055544464556
Precinct01,-74.0149303261122,40.70047926936087
Precinct01,-74.01499883053579,40.7004061205765
Precinct01,-74.01506818269304,40.70031825755493
Precinct01,-74.01509832270126,40.70033426552343
Precinct01,-74.01503579735079,40.70042083101057
Precinct01,-74.01502271060053,40.70041953605862
Precinct01,-74.01500850517257,40.70043770992608
Precinct01,-74.0149931457591,40.700436847319814
Precinct01,-74.01496757071698,40.700465414879595
Precinct01,-74.0149749555559,40.700470177723446
Precinct01,-74.01494881182721,40.70049441360121
Precinct01,-74.01494255505806,40.700506102788744
Precinct01,-74.01492322289359,40.700515191471446
Precinct01,-74.01491754650799,40.700525575210115
Precinct01,-74.01492379463954,40.70053033870711
Precinct01,-74.01493687947062,40.70052297938124
Precinct01,-74.0149419915596,40.700523843325755
Precinct01,-74.01488598965476,40.70058011443566
Precinct01,-74.0148200428468,40.700660619780194
Precinct01,-74.01472681782197,40.700774015849625
Precinct01,-74.01470265033873,40.70079911552308
Precinct01,-74.014673656285,40.70083460953097
Precinct01,-74.01481072560155,40.70090383198211
Precinct01,-74.01482834225281,40.70089474286969
Precinct01,-74.0150211366168,40.70099250401337
Precinct01,-74.01514231812101,40.700842892354245
Precinct01,-74.01567778184742,40.70125602102743
Precinct01,-74.01579351711152,40.70134690580749
Precinct01,-74.01591034233417,40.701460948443824
Precinct01,-74.01611609060481,40.701630801625306
Precinct01,-74.0161389063599,40.70164601660011
Precinct01,-74.01624449060664,40.70175272143678
Precinct01,-74.01639205370195,40.7018977010082
Precinct01,-74.01651515260784,40.70201729867141
Precinct01,-74.01653258703746,40.70203653968305
Precinct01,-74.01681859599923,40.702338575080425
Precinct01,-74.01689657041253,40.702421879959516
Precinct01,-74.01700396789508,40.70255453562752
Precinct01,-74.01713705889378,40.702711340267676
Precinct01,-74.01714508062659,40.70270534997616
Precinct01,-74.01725182133951,40.70283555726377
Precinct01,-74.01724571591129,40.70283845773918
Precinct01,-74.01725328400015,40.70284622266265
Precinct01,-74.01729346221033,40.70288743870684
Precinct01,-74.01731837763408,40.702918871771544
Precinct01,-74.01739839332281,40.703019140804905
Precinct01,-74.01744003546041,40.70307751454187
Precinct01,-74.0174938116277,40.703154843460084
Precinct01,-74.01754038297949,40.70323616042984
Precinct01,-74.01757548561503,40.703307503056024
Precinct01,-74.0175964796706,40.70336138730904
Precinct01,-74.01761681217123,40.70342324846539
Precinct01,-74.01762601904949,40.703422761227074
Precinct01,-74.01764797506856,40.703494599879505
Precinct01,-74.0176604507462,40.70354997909756
Precinct01,-74.0176688130726,40.70359131296505
Precinct01,-74.01767017368236,40.70359951404867
Precinct01,-74.01767132020267,40.70360642738378
Precinct01,-74.01768310568113,40.70371113122529
Precinct01,-74.01767264581419,40.703711790543394
Precinct01,-74.0176768962942,40.70377050363855
Precinct01,-74.0176742874819,40.70383436757153
Precinct01,-74.01766578442248,40.703899233718545
Precinct01,-74.01765792483445,40.70393266228898
Precinct01,-74.01764306532702,40.70398897346139
Precinct01,-74.01765378898196,40.70399838081251
Precinct01,-74.01765461989739,40.70400968256976
Precinct01,-74.01764390293602,40.70402224590195
Precinct01,-74.0176339989054,40.70402475128058
Precinct01,-74.01762657963027,40.70402350082157
Precinct01,-74.017570356400185,40.70418388098656
Precinct01,-74.01779454520306,40.70423489810137
Precinct01,-74.01785585682941,40.70407884761561
Precinct01,-74.01775054986868,40.70405488289349
Precinct01,-74.01779139303439,40.703950912583586
Precinct01,-74.01781758697946,40.70393792249655
Precinct01,-74.01783782825967,40.7039626661385
Precinct01,-74.01780821746956,40.70403196447961
Precinct01,-74.01791229326221,40.704054497150985
Precinct01,-74.0179426936393,40.70397317657622
Precinct01,-74.01795473982622,40.703975785608584
Precinct01,-74.01784441106724,40.7042420399379
Precinct01,-74.01844742686767,40.70416230497785
Precinct01,-74.01866784676683,40.7044352775521
Precinct01,-74.0186556057803,40.704441002264126
Precinct01,-74.0175164637148,40.70458062465244
Precinct01,-74.01748090483301,40.70466726085783
Precinct01,-74.01753170409474,40.70467087238822
Precinct01,-74.01754796252615,40.70466365937495
Precinct01,-74.0175581267377,40.704665721926894
Precinct01,-74.01757031461892,40.70466262450054
Precinct01,-74.0175736990255,40.70466778415497
Precinct01,-74.01756693013911,40.70467138635169
Precinct01,-74.01759808539704,40.70468427263889
Precinct01,-74.01763433061075,40.70467870736846
Precinct01,-74.01767570940247,40.704680679349764
Precinct01,-74.0176867022587,40.704673791625446
Precinct01,-74.01771837938914,40.704679698954116
Precinct01,-74.01773325394241,40.704671333373426
Precinct01,-74.017749416039,40.704675267937745
Precinct01,-74.01776556881737,40.704672314957755
Precinct01,-74.01776687049336,40.704664930160334
Precinct01,-74.01778367349166,40.70467083758812
Precinct01,-74.01779789585477,40.70466690269019
Precinct01,-74.01780630901126,40.704661985472484
Precinct01,-74.01782893315101,40.70466493044815
Precinct01,-74.01783992611874,40.704660996045185
Precinct01,-74.01790198846368,40.70465164811147
Precinct01,-74.01791039104738,40.704659033578714
Precinct01,-74.01794142815919,40.70465558405201
Precinct01,-74.01794401937286,40.70464820843307
Precinct01,-74.01796922420488,40.704647217598676
Precinct01,-74.01797892738357,40.704640824085274
Precinct01,-74.01798926941159,40.70464673182195
Precinct01,-74.01799832152902,40.7046496854182
Precinct01,-74.01800802337449,40.70463836559934
Precinct01,-74.01802418707257,40.704645750346394
Precinct01,-74.0180429299157,40.704628037110304
Precinct01,-74.01805392410763,40.70462950493453
Precinct01,-74.01806509374255,40.70463582599159
Precinct01,-74.01811302905885,40.704553602333725
Precinct01,-74.01886289045412,40.70471960666815
Precinct01,-74.01888747947997,40.70472914280423
Precinct01,-74.01892572382414,40.70477376257028
Precinct01,-74.01934155704542,40.706070538204024
Precinct01,-74.01934254624489,40.70609367302966
Precinct01,-74.01922242283976,40.70657308822348
Precinct01,-74.01912275963412,40.70697581433742
Precinct01,-74.01910255488421,40.707000437641476
Precinct01,-74.01909155084711,40.707004473184455
Precinct01,-74.01906617140145,40.70701377062146
Precinct01,-74.01903338019704,40.70701319087602
Precinct01,-74.01895359463371,40.70699676946549
Precinct01,-74.01894579167337,40.707017770941356
Precinct01,-74.01893740557156,40.70703420689668
Precinct01,-74.01892660443805,40.70704425778582
Precinct01,-74.01890921570671,40.70706434245125
Precinct01,-74.01888462028894,40.70708580553678
Precinct01,-74.01885943006918,40.70710041568369
Precinct01,-74.01882943775034,40.70711548664006
Precinct01,-74.0187964493679,40.707127819847564
Precinct01,-74.0187610576787,40.70713786652502
Precinct01,-74.01872626987432,40.70714335568634
Precinct01,-74.01868966870477,40.70714244375395
Precinct01,-74.01865548075625,40.707141539125075
Precinct01,-74.01863058372699,40.707139715269285
Precinct01,-74.01858078403724,40.70712374810277
Precinct01,-74.01854718475342,40.70710777026421
Precinct01,-74.01857117399437,40.70707992238862
Precinct01,-74.01860717601127,40.70709544097515
Precinct01,-74.018634170231,40.7071031988087
Precinct01,-74.01864437101173,40.70710547586043
Precinct01,-74.01864796262196,40.70708173752739
Precinct01,-74.01868695379925,40.70708400923754
Precinct01,-74.01872115249093,40.707081725647235
Precinct01,-74.0187505462297,40.7070798933099
Precinct01,-74.01876194037433,40.70707578586688
Precinct01,-74.01874993323992,40.707049762489504
Precinct01,-74.01877393087639,40.70704428278754
Precinct01,-74.01879432757903,40.70703241167231
Precinct01,-74.01882011914353,40.70701597288297
Precinct01,-74.0188387043294,40.70699496965154
Precinct01,-74.01884829724433,40.7069830904102
Precinct01,-74.01884889814522,40.706970312852796
Precinct01,-74.01881110035019,40.70696621177411
Precinct01,-74.0187985148563,40.706982188376216
Precinct01,-74.0187757159848,40.70699725864645
Precinct01,-74.01874212416375,40.70700776337878
Precinct01,-74.0187229298169,40.707006856997815
Precinct01,-74.01869473190766,40.707010967669895
Precinct01,-74.01867853372204,40.70701873300241
Precinct01,-74.01864794474125,40.70701781957841
Precinct01,-74.01862814488062,40.70701097846493
Precinct01,-74.01861254498972,40.70699728514591
Precinct01,-74.01860474411275,40.706989064177236
Precinct01,-74.01860294181317,40.7069749179781
Precinct01,-74.01859153053331,40.70695939441579
Precinct01,-74.01857952850986,40.70694981480898
Precinct01,-74.01857172609185,40.70693839842646
Precinct01,-74.01856933191749,40.706920595205716
Precinct01,-74.01856452356978,40.706906440109236
Precinct01,-74.01854892759592,40.7069082711817
Precinct01,-74.0185351326967,40.70691832201406
Precinct01,-74.018530337520815,40.70695073241038
Precinct01,-74.01840649088639,40.70725787266106
Precinct01,-74.01821726389768,40.70774220647168
Precinct01,-74.01821699384479,40.707751309768256
Precinct01,-74.01819029259634,40.70782162560734
Precinct01,-74.01865557049634,40.70792394838068
Precinct01,-74.01864689079085,40.70794681354695
Precinct01,-74.01880063068425,40.70798062163742
Precinct01,-74.01883195883924,40.70799916729172
Precinct01,-74.01883395951488,40.70800221914011
Precinct01,-74.0188534776039,40.70802201278659
Precinct01,-74.01885500911968,40.708047534447395
Precinct01,-74.01874689830457,40.708480580253614
Precinct01,-74.01863142468964,40.70894110005416
Precinct01,-74.01846882134527,40.7095895710087
Precinct01,-74.01834136609801,40.71010647694358
Precinct01,-74.01826409180683,40.710408996626796
Precinct01,-74.01814480361759,40.71088864968636
Precinct01,-74.01811057789192,40.71102962871701
Precinct01,-74.01804609687574,40.71134450148706
Precinct01,-74.01797853231493,40.711756319208064
Precinct01,-74.01792224257028,40.71203924270072
Precinct01,-74.01787333422654,40.71231514445642
Precinct01,-74.01777014254505,40.71283457478911
Precinct01,-74.017752927059007,40.712848327555946
Precinct01,-74.01773183836701,40.71284931234666
Precinct01,-74.01772021563546,40.71284473093362
Precinct01,-74.01772148946128,40.71278414511305
Precinct01,-74.01780037888393,40.712345124158524
Precinct01,-74.01662424425278,40.71215731849273
Precinct01,-74.01654463812528,40.712456037930956
Precinct01,-74.01659227582778,40.71254817107682
Precinct01,-74.0166181765532,40.71264976356907
Precinct01,-74.01661840078317,40.71275615053226
Precinct01,-74.0165914952051,40.712861563719834
Precinct01,-74.01655548893456,40.712929095504386
Precinct01,-74.0165411217172,40.712955564316765
Precinct01,-74.01647724204145,40.713029493073954
Precinct01,-74.01639169485816,40.713099997950714
Precinct01,-74.01632006627581,40.71340798247826
Precinct01,-74.0165411468663,40.71344105274237
Precinct01,-74.0169106869548,40.71349632851284
Precinct01,-74.01754443334657,40.713611222664234
Precinct01,-74.01756811041483,40.71352370347799
Precinct01,-74.01757889322138,40.71344274342793
Precinct01,-74.01764810719088,40.71320618595165
Precinct01,-74.01765509447189,40.713161062667005
Precinct01,-74.01767041664053,40.71306920796509
Precinct01,-74.01767270851197,40.7130659962757
Precinct01,-74.01767565436923,40.7130631098175
Precinct01,-74.01767917626351,40.71306062496743
Precinct01,-74.01768318100393,40.71305860747572
Precinct01,-74.01768756262324,40.71305711072609
Precinct01,-74.01769220518189,40.71305617432319
Precinct01,-74.01769698583576,40.713055823044606
Precinct01,-74.01770177808669,40.71305606618535
Precinct01,-74.01770610821826,40.713056814197444
Precinct01,-74.017710241967407,40.71305804785544
Precinct01,-74.01771408584456,40.71305973925875
Precinct01,-74.01771755291593,40.71306185015435
Precinct01,-74.01772056476958,40.713064332801814
Precinct01,-74.01772305328888,40.71306713105318
Precinct01,-74.01772496219296,40.71307018162271
Precinct01,-74.01770687258349,40.71316928296863
Precinct01,-74.01761833310027,40.7136543239355
Precinct01,-74.01753721790733,40.71409754224777
Precinct01,-74.017408713605,40.71480680040797
Precinct01,-74.01738281387826,40.714941433812456
Precinct01,-74.01738223187856,40.714944461279266
Precinct01,-74.01732570958444,40.715254913254874
Precinct01,-74.01726421509508,40.71559268186733
Precinct01,-74.01712122293634,40.71637179357976
Precinct01,-74.01698274294627,40.71713064366816
Precinct01,-74.01686297377272,40.71778695428776
Precinct01,-74.01671018605823,40.71862417605798
Precinct01,-74.01669419095941,40.718648843354394
Precinct01,-74.01665946969614,40.71866602122465
Precinct01,-74.01662996338192,40.71866536845022
Precinct01,-74.01594695204274,40.718575548906266
Precinct01,-74.0159438298421,40.7185892550442
Precinct01,-74.01566883666868,40.718554489265706
Precinct01,-74.01567062060758,40.718537748736196
Precinct01,-74.01555087754507,40.71852193318379
Precinct01,-74.01500060682399,40.71844923555241
Precinct01,-74.01499619731605,40.71847300081406
Precinct01,-74.01498981339553,40.718507346825064
Precinct01,-74.01498333230722,40.71852379143297
Precinct01,-74.01497036257996,40.718535850864264
Precinct01,-74.0149451554934,40.71854353507714
Precinct01,-74.01470270021812,40.71851615488417
Precinct01,-74.01321322719193,40.71831571989578
Precinct01,-74.01306805492318,40.7189221938255
Precinct01,-74.01307237769205,40.718938618670066
Precinct01,-74.01303068126435,40.71913145581911
Precinct01,-74.01301172799539,40.719218969116234
Precinct01,-74.01295524308756,40.719489453397166
Precinct01,-74.0129574956781,40.719500164305614
Precinct01,-74.01290892764027,40.71973485220903
Precinct01,-74.01345505633182,40.7198017074262
Precinct01,-74.01341376512872,40.7200194820142
Precinct01,-74.01399452219569,40.72008564996912
Precinct01,-74.01399999964441,40.72006718366145
Precinct01,-74.0142646199906,40.720095146583574
Precinct01,-74.01426696671713,40.72008680714367
Precinct01,-74.0155736409659,40.720243293962206
Precinct01,-74.01557364347136,40.72025401601203
Precinct01,-74.01571378469986,40.72027067476562
Precinct01,-74.01571300965792,40.72030343624445
Precinct01,-74.01637848291469,40.72037660832828
Precinct01,-74.0163057334285,40.720727020540686
Precinct01,-74.01449720312957,40.720513721263146
Precinct01,-74.01351919132372,40.720395186558136
Precinct01,-74.01299980679079,40.72033309075003
Precinct01,-74.01289730270861,40.720868045473225
Precinct01,-74.01569471973286,40.72120642487527
Precinct01,-74.01562245781948,40.721543453673725
Precinct01,-74.01316066673286,40.72125396319458
Precinct01,-74.01311663311986,40.72147373402814
Precinct01,-74.01325380075872,40.7214899200012
Precinct01,-74.01326193939072,40.721471811430476
Precinct01,-74.01363523640485,40.72151656063179
Precinct01,-74.01361558335005,40.72158618255941
Precinct01,-74.0135612803112,40.72158061384505
Precinct01,-74.01356109093356,40.72157189376403
Precinct01,-74.01325565118505,40.721543856036696
Precinct01,-74.01325799654838,40.72152777302931
Precinct01,-74.0131123731525,40.72150992079825
Precinct01,-74.0131037691494,40.72155459547117
Precinct01,-74.01253875807262,40.721503176576356
Precinct01,-74.01249171031532,40.72177975782742
Precinct01,-74.01237071715393,40.72238758057892
Precinct01,-74.01223080840147,40.72305625707263
Precinct01,-74.01209463829593,40.723707052481096
Precinct01,-74.01196432049122,40.72432986423973
Precinct01,-74.01178072408688,40.72523995904116
Precinct01,-74.0116541510405,40.7258673750759
Precinct01,-74.01165326569942,40.72587176185136
Precinct01,-74.01195833074844,40.72597759972089
Precinct01,-74.01231588417463,40.72603384278277
Precinct01,-74.01411595444276,40.72621586380551
Precinct01,-74.01477821548464,40.72628170647334
Precinct01,-74.01516324118435,40.72631971243937
Precinct01,-74.01520426531143,40.72636194937957
Precinct01,-74.01518864981985,40.726451182505
Precinct01,-74.01517084019788,40.72657939015507
Precinct01,-74.01514325523303,40.726710526279355
Precinct01,-74.01512356549462,40.72679394256454
Precinct01,-74.0143067159662,40.72670812069411
Precinct01,-74.01341677520723,40.726621031213405
Precinct01,-74.01234454766033,40.72651943048246
Precinct01,-74.01154201897604,40.726447346927074
Precinct01,-74.01138323604748,40.72822927186458
Precinct01,-74.01439069932388,40.72846304752011
Precinct01,-74.01434461474166,40.72862218378146
Precinct01,-74.01421928609085,40.729523427755424
Precinct01,-74.01129589945243,40.72918485724653
Precinct01,-74.01067264955405,40.72911266650023
Precinct01,-74.01054441305814,40.729100097569834
Precinct01,-74.00934962020499,40.728987556400384
Precinct01,-74.00859272105114,40.72891527738502
Precinct01,-74.00709020836804,40.72877225285072
Precinct01,-74.00531369223228,40.72860449408158
Precinct01,-74.00312767450957,40.728393801109426
Precinct01,-74.00281726639142,40.72836312880148
Precinct01,-74.00272009727811,40.728322815523654
Precinct01,-74.00262399616723,40.72827864249359
Precinct01,-74.00214891520805,40.728035366501985
Precinct01,-74.0013903353643,40.72766000159024
Precinct01,-74.00063239190521,40.72728661215819
Precinct01,-73.9999157921724,40.72693471293184
Precinct01,-73.99911824717667,40.7265423125872
Precinct05,-73.98863862848766,40.72293372026369
Precinct05,-73.98868690007737,40.72285731808216
Precinct05,-73.98877533267515,40.7226156968876
Precinct05,-73.9888936174098,40.7222925092235
Precinct05,-73.98894819277763,40.7221433918762
Precinct05,-73.98898560733659,40.72204116527433
Precinct05,-73.98913063635348,40.721644897853736
Precinct05,-73.98972000121199,40.72047858431298
Precinct05,-73.9903231261167,40.71928036425406
Precinct05,-73.99036354389418,40.71920481539384
Precinct05,-73.99040724131198,40.71912093585063
Precinct05,-73.99084515016456,40.71830857660505
Precinct05,-73.99130415370982,40.71738168193542
Precinct05,-73.99167727171255,40.71665064001351
Precinct05,-73.99172724143197,40.716552735713925
Precinct05,-73.99190572915857,40.71620302145721
Precinct05,-73.99249062534805,40.71508034087649
Precinct05,-73.99270089449267,40.714651818703395
Precinct05,-73.99282173481265,40.714365229949685
Precinct05,-73.99272266354569,40.71384440460542
Precinct05,-73.99258219677559,40.71375671371465
Precinct05,-73.9925006149871,40.71317957960038
Precinct05,-73.99240212650656,40.71246237061515
Precinct05,-73.9923904010968,40.71236250718046
Precinct05,-73.9923883267743,40.71234483847608
Precinct05,-73.99238164874323,40.712287957768474
Precinct05,-73.99237819491961,40.71225854147838
Precinct05,-73.99235432176475,40.71205520670713
Precinct05,-73.99234226717795,40.71195308882971
Precinct05,-73.99232017166835,40.71176433487263
Precinct05,-73.99230590945655,40.7116925320213
Precinct05,-73.99229297111606,40.71162811987681
Precinct05,-73.99228302144793,40.71155234072184
Precinct05,-73.99215370614098,40.711074741664895
Precinct05,-73.99211109553504,40.710988256790976
Precinct05,-73.99208823903524,40.71090341184129
Precinct05,-73.99201913025111,40.71059030931124
Precinct05,-73.99185852715475,40.709808025281696
Precinct05,-73.99190709798711,40.70980199354539
Precinct05,-73.99187980258947,40.7097548530351
Precinct05,-73.9918590272103,40.70971897213604
Precinct05,-73.99182888067827,40.709666524657685
Precinct05,-73.99179955131694,40.70961115957848
Precinct05,-73.99178277805896,40.70958152603311
Precinct05,-73.99178002939966,40.70957666922814
Precinct05,-73.99176779580138,40.70955505502111
Precinct05,-73.99190544366458,40.709525396079655
Precinct05,-73.99203926968352,40.70951691916273
Precinct05,-73.99209131635973,40.70950822240118
Precinct05,-73.9921486897015,40.70949860910409
Precinct05,-73.99236116139905,40.709464369314006
Precinct05,-73.99284846748647,40.70938187763873
Precinct05,-73.99374012862224,40.709246120937905
Precinct05,-73.99400820164043,40.70923748042158
Precinct05,-73.99414063200345,40.70923326739993
Precinct05,-73.99437823543936,40.70919263919891
Precinct05,-73.99457899963724,40.70913097291005
Precinct05,-73.99517577369834,40.70903429381029
Precinct05,-73.99580385653569,40.708946013907486
Precinct05,-73.99601898395763,40.70891622384743
Precinct05,-73.9966640099659,40.7088269045177
Precinct05,-73.99728287195578,40.7087316198429
Precinct05,-73.998083511869993,40.708509615367134
Precinct05,-73.99828602320592,40.70842993146759
Precinct05,-73.99852758585311,40.70833152790828
Precinct05,-73.99856114620617,40.70831528273096
Precinct05,-73.99872197955064,40.708237452896164
Precinct05,-73.99875396570859,40.70822365152976
Precinct05,-73.99880846276645,40.70820013449007
Precinct05,-73.99882158420985,40.70817548117489
Precinct05,-73.9988813086388,40.708136633919786
Precinct05,-73.99898340963244,40.708092653316136
Precinct05,-73.99905276738552,40.70803254536376
Precinct05,-73.9991343491895,40.707982397448504
Precinct05,-73.99919451108852,40.70794737635147
Precinct05,-73.99925945470771,40.7079140213104
Precinct05,-73.99932632675426,40.707879676493924
Precinct05,-73.99938225243403,40.707841549321515
Precinct05,-73.99942129138608,40.70781893705531
Precinct05,-73.99946033075193,40.707796325948486
Precinct05,-73.9995232500711,40.70776262865813
Precinct05,-73.99951211430798,40.70774870660909
Precinct05,-73.99949062474623,40.70772184472241
Precinct05,-73.99953839725494,40.70769347002567
Precinct05,-73.99955121325496,40.7076943527765
Precinct05,-73.9995714951379,40.70771719818587
Precinct05,-73.99960249674827,40.707752108258866
Precinct05,-73.99960948105294,40.70775997317629
Precinct05,-73.9998829708522,40.7076240860353
Precinct05,-73.99989574568755,40.707617737944084
Precinct05,-73.9999588166742,40.70768818345429
Precinct05,-74.00003379419385,40.707806799995986
Precinct05,-74.00007514781151,40.70784723531564
Precinct05,-74.00013109195302,40.707913267233124
Precinct05,-74.0004835408566,40.708350862733916
Precinct05,-74.0008601109041,40.70879094707493
Precinct05,-74.00166466865358,40.70952276305005
Precinct05,-74.00210952706912,40.709893912898835
Precinct05,-74.00308193099914,40.71062428716192
Precinct05,-74.0031563339572,40.71067297502858
Precinct05,-74.00338054973804,40.710826163734744
Precinct05,-74.00343203072377,40.71087981407516
Precinct05,-74.00355036463868,40.71097316641705
Precinct05,-74.00361454307568,40.71100834793827
Precinct05,-74.0038527832684,40.71114209309843
Precinct05,-74.00391102115795,40.71117478838408
Precinct05,-74.00425246221761,40.71138934083344
Precinct05,-74.00443160395999,40.71151306415221
Precinct05,-74.0049916384807,40.71188096282683
Precinct05,-74.0050516064839,40.71192812073176
Precinct05,-74.00512487522043,40.711965488072096
Precinct05,-74.00520688890471,40.711990176696055
Precinct05,-74.00529195450655,40.71200097897737
Precinct05,-74.00566290071504,40.71198231557449
Precinct05,-74.00573499331394,40.71197868839692
Precinct05,-74.00589175101486,40.71200715956491
Precinct05,-74.00574044668751,40.71208875703634
Precinct05,-74.00558932954131,40.71217005375554
Precinct05,-74.0054581989065,40.71219782496352
Precinct05,-74.00543047939837,40.71220369524702
Precinct05,-74.00527561958643,40.712249439992746
Precinct05,-74.00512712618752,40.71230677325996
Precinct05,-74.0049871665652,40.71237485717677
Precinct05,-74.00485768087732,40.71245254111691
Precinct05,-74.00460261285207,40.71265752000517
Precinct05,-74.00429113891556,40.712907825695886
Precinct05,-74.00421405367503,40.712980742642195
Precinct05,-74.00405900803744,40.71313479025531
Precinct05,-74.00481860655783,40.713475000498775
Precinct05,-74.00630969599493,40.71416582661869
Precinct05,-74.00588849736322,40.71467728518714
Precinct05,-74.00541948410378,40.71523605705498
Precinct05,-74.00497612896957,40.715759939895534
Precinct05,-74.00453350110088,40.71627991256102
Precinct05,-74.00419822714433,40.71667044970024
Precinct05,-74.00402602619415,40.716871017684575
Precinct05,-74.00353244739755,40.717449430609264
Precinct05,-74.00304533455166,40.71802581664014
Precinct05,-74.00253798721954,40.71862688357911
Precinct05,-74.00209161668549,40.71915339284899
Precinct05,-74.00188406309478,40.71939757028781
Precinct05,-74.0014245100964,40.719937198165916
Precinct05,-74.00066072523035,40.720839794377795
Precinct05,-73.99985330434208,40.72179178766753
Precinct05,-73.99952163175969,40.72218334688825
Precinct05,-73.99881172246083,40.72302140919117
Precinct05,-73.99778508864233,40.724234894250735
Precinct05,-73.99684295933554,40.725347837869776
Precinct05,-73.99677175777505,40.72543194350264
Precinct05,-73.9958457755858,40.72520835348177
Precinct05,-73.99532907937457,40.72508373972877
Precinct05,-73.99490827388995,40.72495122921941
Precinct05,-73.99417930485532,40.724692406811606
Precinct05,-73.9934576909809,40.724432895683286
Precinct05,-73.99339891296906,40.724412504831434
Precinct05,-73.99267182446474,40.72416025442204
Precinct05,-73.99260322264499,40.724136449683435
Precinct05,-73.99250385902864,40.72410592541924
Precinct05,-73.99135472800884,40.72375461908481
Precinct05,-73.99127307162458,40.72372981293941
Precinct05,-73.99111507481845,40.723678802707006
Precinct05,-73.99102410461465,40.72364943223782
Precinct05,-73.99099736302554,40.72364147145813
Precinct05,-73.99027361647936,40.72342601779058
Precinct05,-73.98939218169832,40.72317405849503
Precinct05,-73.98875683260616,40.72297036611113
Precinct05,-73.98863862848766,40.72293372026369
Precinct06,-73.99968392160721,40.73855224865976
Precinct06,-73.99683993926492,40.737360888895616
Precinct06,-73.993616883955,40.73600449161603
Precinct06,-73.99171498773387,40.735215301169184
Precinct06,-73.99119909357626,40.73501222083278
Precinct06,-73.99075396816649,40.73483915407109
Precinct06,-73.99094484129402,40.733977692495785
Precinct06,-73.99111355499838,40.733213922375775
Precinct06,-73.99128059561788,40.73244596330348
Precinct06,-73.99137076173335,40.73208965927517
Precinct06,-73.99141587274298,40.73191139465226
Precinct06,-73.99145971106628,40.73173815889197
Precinct06,-73.99146366914216,40.73173324931777
Precinct06,-73.9919206974412,40.7311662977582
Precinct06,-73.99240763575249,40.730591211897284
Precinct06,-73.99284075752047,40.73007894976501
Precinct06,-73.99326163136097,40.729579840947
Precinct06,-73.99374703096082,40.72900729846037
Precinct06,-73.99392898866094,40.72879329028613
Precinct06,-73.99425278493557,40.72841245727644
Precinct06,-73.99475092982473,40.72781877594376
Precinct06,-73.99526963907842,40.727211360258714
Precinct06,-73.99584352722107,40.726526644211376
Precinct06,-73.99672066717697,40.725492203750335
Precinct06,-73.99677175777505,40.72543194350264
Precinct06,-73.99761019591818,40.72579713809984
Precinct06,-73.99836119306708,40.72616746776045
Precinct06,-73.99911824717667,40.7265423125872
Precinct06,-73.9999157921724,40.72693471293184
Precinct06,-74.00063239190521,40.72728661215819
Precinct06,-74.0013903353643,40.72766000159024
Precinct06,-74.00214891520805,40.728035366501985
Precinct06,-74.00262399616723,40.72827864249359
Precinct06,-74.00272009727811,40.728322815523654
Precinct06,-74.00281726639142,40.72836312880148
Precinct06,-74.00312767450957,40.728393801109426
Precinct06,-74.00531369223228,40.72860449408158
Precinct06,-74.00709020836804,40.72877225285072
Precinct06,-74.00859272105114,40.72891527738502
Precinct06,-74.00934962020499,40.728987556400384
Precinct06,-74.01054441305814,40.729100097569834
Precinct06,-74.01067264955405,40.72911266650023
Precinct06,-74.01129589945243,40.72918485724653
Precinct06,-74.01421928609085,40.729523427755424
Precinct06,-74.0140774139114,40.73064040918789
Precinct06,-74.01408693559907,40.730663172537724
Precinct06,-74.01403796924798,40.73069421884388
Precinct06,-74.01401552295431,40.73068283965607
Precinct06,-74.01116195696476,40.73045067634904
Precinct06,-74.01108642940413,40.73128902907965
Precinct06,-74.01099350879153,40.732320417940585
Precinct06,-74.01094118226757,40.7330077637719
Precinct06,-74.01146083559186,40.733028414140946
Precinct06,-74.01400220214607,40.73306800179544
Precinct06,-74.01399957240966,40.73333227751771
Precinct06,-74.01090389883285,40.733297617139556
Precinct06,-74.0108984071244,40.73335120737597
Precinct06,-74.01087119573054,40.733352611095185
Precinct06,-74.01084459816126,40.73335720268212
Precinct06,-74.01081925585402,40.733364871404234
Precinct06,-74.01079577997446,40.73337543231965
Precinct06,-74.01077473667742,40.73338863073697
Precinct06,-74.01075663345338,40.73340414835768
Precinct06,-74.01074330029292,40.73342264726828
Precinct06,-74.01073424469762,40.73344258783105
Precinct06,-74.01072972437834,40.733463402571324
Precinct06,-74.01072986798007,40.73348449913627
Precinct06,-74.01073467142054,40.733505277152275
Precinct06,-74.01074399800585,40.733525145310544
Precinct06,-74.01075758232008,40.73354353819487
Precinct06,-74.0107750377782,40.7335599323725
Precinct06,-74.01080216588555,40.733578120148344
Precinct06,-74.01083296873949,40.733592528946666
Precinct06,-74.01086654686934,40.73360273801681
Precinct06,-74.01083284563221,40.73400709451357
Precinct06,-74.01201792010474,40.734063744456314
Precinct06,-74.01200124222402,40.73433840166875
Precinct06,-74.01081359479102,40.734283443145
Precinct06,-74.01078798331723,40.73454829384434
Precinct06,-74.0107092291038,40.73536287214015
Precinct06,-74.0106429201788,40.73604869770487
Precinct06,-74.01067724659342,40.736056279956806
Precinct06,-74.0106698675122,40.73610193192913
Precinct06,-74.01068752603769,40.73611386772276
Precinct06,-74.0107040434532,40.73612918443098
Precinct06,-74.0107170297579,40.73614635650893
Precinct06,-74.0107261323191,40.736164917666414
Precinct06,-74.01073110396261,40.73618436389377
Precinct06,-74.01073180968461,40.736204167147676
Precinct06,-74.01072823031814,40.73622378968969
Precinct06,-74.01072046305386,40.736242698687924
Precinct06,-74.0107087188013,40.73626038068568
Precinct06,-74.01069377906548,40.73627594935953
Precinct06,-74.01067576035149,40.736289501812145
Precinct06,-74.01065512584188,40.7363006896678
Precinct06,-74.01065421033896,40.73634774524588
Precinct06,-74.01061910077432,40.73634539072178
Precinct06,-74.01056810573441,40.736972220142476
Precinct06,-74.0105158157675,40.737596064451026
Precinct06,-74.0104765981442,40.73806394059505
Precinct06,-74.0110870663594,40.7380927495787
Precinct06,-74.01106791934328,40.73830409617404
Precinct06,-74.01108874586753,40.73831752469394
Precinct06,-74.01110665713934,40.73833319830275
Precinct06,-74.01112123961175,40.73835075512
Precinct06,-74.01113215659404,40.7383697897844
Precinct06,-74.01113915602562,40.73838986281303
Precinct06,-74.0111155367605,40.73839208547106
Precinct06,-74.0110917377536,40.738392181174426
Precinct06,-74.01106808891194,40.738390148596444
Precinct06,-74.01105426715455,40.73838794795722
Precinct06,-74.01105126196637,40.7383964257506
Precinct06,-74.01045432864609,40.738364506228145
Precinct06,-74.01042867884634,40.73870336465874
Precinct06,-74.01039303134554,40.73917429605917
Precinct06,-74.01049858988299,40.739173432770414
Precinct06,-74.01055473996811,40.739186239049005
Precinct06,-74.01074676135302,40.739175936679615
Precinct06,-74.01138798406551,40.739216055586034
Precinct06,-74.01148456734629,40.73926046259409
Precinct06,-74.01158045502306,40.73926453560942
Precinct06,-74.01158818724917,40.7392715959002
Precinct06,-74.01158715816634,40.739478870334786
Precinct06,-74.01163351895192,40.739506486066105
Precinct06,-74.01162792311777,40.73956247410615
Precinct06,-74.01155518156285,40.7395567262273
Precinct06,-74.01152745020416,40.73987377144987
Precinct06,-74.01151491736535,40.739972863698775
Precinct06,-74.0114607395534,40.7405842147525
Precinct06,-74.01215741913089,40.74060599813125
Precinct06,-74.01215372624051,40.7406742566207
Precinct06,-74.01265742489994,40.74069665223178
Precinct06,-74.0126592820849,40.74074763849743
Precinct06,-74.01257372996915,40.740741731844885
Precinct06,-74.01257372874744,40.74073525812521
Precinct06,-74.01147486918863,40.74068706027103
Precinct06,-74.01137438820497,40.74072394814387
Precinct06,-74.01071840609642,40.74068559442811
Precinct06,-74.00963145571748,40.74064536687166
Precinct06,-74.00949685520361,40.74072701178546
Precinct06,-74.00949154621281,40.74074270943978
Precinct06,-74.00951627358202,40.7407735836735
Precinct06,-74.00951844195933,40.74080572291691
Precinct06,-74.00950137905859,40.74082922374576
Precinct06,-74.00946293860208,40.7409023372403
Precinct06,-74.00941140266131,40.74115409331285
Precinct06,-74.0095813182218,40.74117496028479
Precinct06,-74.00957692791619,40.74121065665437
Precinct06,-74.01216232909208,40.74149188918005
Precinct06,-74.01211745872139,40.74175851621158
Precinct06,-74.00951947145009,40.741490302198585
Precinct06,-74.00944784072519,40.74189159122016
Precinct06,-74.00927792756082,40.74187861135872
Precinct06,-74.0091660821697,40.7424165914634
Precinct06,-74.00915169003146,40.74250728698243
Precinct06,-74.00879090897534,40.74237518325187
Precinct06,-74.00879080588827,40.742375143723535
Precinct06,-74.00869902296354,40.74236172346076
Precinct06,-74.00820401878433,40.7421475182883
Precinct06,-74.0069707779048,40.74162712715808
Precinct06,-74.00536222029359,40.74094950301537
Precinct06,-74.00512553518328,40.74085021357096
Precinct06,-74.00252381482824,40.73975264364212
Precinct06,-73.99968392160721,40.73855224865976
Precinct07,-73.97345389423181,40.718962954076
Precinct07,-73.97351345120518,40.71877484470659
Precinct07,-73.97368877536951,40.71824988283341
Precinct07,-73.97387175278678,40.71772643537176
Precinct07,-73.97406236069509,40.71720456692243
Precinct07,-73.97426057539245,40.71668434188988
Precinct07,-73.97446637223985,40.71616582447422
Precinct07,-73.97467972566432,40.71564907866333
Precinct07,-73.97490060916222,40.71513416822506
Precinct07,-73.97512899530255,40.71462115669925
Precinct07,-73.9751497793714,40.7145794233609
Precinct07,-73.97516360806169,40.71455190619375
Precinct07,-73.97518850986306,40.71450316072391
Precinct07,-73.97521387023663,40.714448498798426
Precinct07,-73.97522549627958,40.71442343994192
Precinct07,-73.97524666388625,40.714377806305464
Precinct07,-73.97524670420714,40.71437772506357
Precinct07,-73.97580311283951,40.71317812509174
Precinct07,-73.97579532792415,40.71317002369419
Precinct07,-73.97596844519694,40.71278957339083
Precinct07,-73.97604981455491,40.71260419428045
Precinct07,-73.9761236883879,40.71246032539832
Precinct07,-73.9761653123832,40.7124201979108
Precinct07,-73.97631127867197,40.712118647310135
Precinct07,-73.97642872514528,40.71190903250366
Precinct07,-73.97650540115391,40.711798789452466
Precinct07,-73.9765500881422,40.711734538728294
Precinct07,-73.97671221539667,40.71153576517838
Precinct07,-73.97681883540065,40.71141956702117
Precinct07,-73.97699076574627,40.71125666023055
Precinct07,-73.97705659401734,40.71119762696939
Precinct07,-73.97722213562588,40.711068730725714
Precinct07,-73.97752668432639,40.71084307273315
Precinct07,-73.97772119493068,40.7107100746607
Precinct07,-73.97782091638246,40.710645444906966
Precinct07,-73.97789949619445,40.71059986620237
Precinct07,-73.97799674790402,40.71056101688902
Precinct07,-73.97807974906605,40.71053225107981
Precinct07,-73.978181906943007,40.71050686501505
Precinct07,-73.97825557749195,40.71049790955784
Precinct07,-73.97837148165257,40.71048970749154
Precinct07,-73.97861560123998,40.71047378191086
Precinct07,-73.97877613342084,40.71046331504722
Precinct07,-73.97918894377005,40.71043492338827
Precinct07,-73.97920726434594,40.71043366689569
Precinct07,-73.9792901523712,40.710428144566926
Precinct07,-73.98003642292834,40.71037840126665
Precinct07,-73.98028344332192,40.710361815108435
Precinct07,-73.98033652490459,40.710359201217265
Precinct07,-73.98033090124429,40.71028693831353
Precinct07,-73.98051046026364,40.71027475194566
Precinct07,-73.98128647552558,40.710218347881636
Precinct07,-73.98124579569945,40.70982621460123
Precinct07,-73.98306019477401,40.70964791174809
Precinct07,-73.98364234472635,40.709591879244726
Precinct07,-73.98449647076775,40.70950966343683
Precinct07,-73.98655035339972,40.709311944641996
Precinct07,-73.98816491726686,40.70915678150646
Precinct07,-73.98817340967875,40.709147518301265
Precinct07,-73.98839064023267,40.70912694916265
Precinct07,-73.98844653437385,40.709133820546974
Precinct07,-73.98847967268766,40.70915584730847
Precinct07,-73.98849727173871,40.709176305795744
Precinct07,-73.9886365807185,40.70991206151628
Precinct07,-73.98864533493676,40.709916934401114
Precinct07,-73.98866750580943,40.709920034830716
Precinct07,-73.98869610271322,40.70992845034713
Precinct07,-73.98871771111239,40.70994709051883
Precinct07,-73.98873681707516,40.709970742347664
Precinct07,-73.98879717785803,40.709966607472225
Precinct07,-73.98889845980884,40.709954735765
Precinct07,-73.98935765696677,40.70990098670785
Precinct07,-73.98946067019428,40.70988928705126
Precinct07,-73.98957449608709,40.709874082109074
Precinct07,-73.98974515155741,40.70984876165562
Precinct07,-73.99015825373382,40.70979037266374
Precinct07,-73.9905142037669,40.70973388462137
Precinct07,-73.99078913018568,40.709689506086086
Precinct07,-73.99106783463002,40.70965723034519
Precinct07,-73.9913510923706,40.709620332703324
Precinct07,-73.99170260292517,40.70956526295603
Precinct07,-73.99171919257795,40.70956266496867
Precinct07,-73.99176779580138,40.70955505502111
Precinct07,-73.99178002939966,40.70957666922814
Precinct07,-73.99178277805896,40.70958152603311
Precinct07,-73.99179955131694,40.70961115957848
Precinct07,-73.99182888067827,40.709666524657685
Precinct07,-73.9918590272103,40.70971897213604
Precinct07,-73.99187980258947,40.7097548530351
Precinct07,-73.99190709798711,40.70980199354539
Precinct07,-73.99185852715475,40.709808025281696
Precinct07,-73.99201913025111,40.71059030931124
Precinct07,-73.99208823903524,40.71090341184129
Precinct07,-73.99211109553504,40.710988256790976
Precinct07,-73.99215370614098,40.711074741664895
Precinct07,-73.99228302144793,40.71155234072184
Precinct07,-73.99229297111606,40.71162811987681
Precinct07,-73.99230590945655,40.7116925320213
Precinct07,-73.99232017166835,40.71176433487263
Precinct07,-73.99234226717795,40.71195308882971
Precinct07,-73.99235432176475,40.71205520670713
Precinct07,-73.99237819491961,40.71225854147838
Precinct07,-73.99238164874323,40.712287957768474
Precinct07,-73.9923883267743,40.71234483847608
Precinct07,-73.9923904010968,40.71236250718046
Precinct07,-73.99240212650656,40.71246237061515
Precinct07,-73.9925006149871,40.71317957960038
Precinct07,-73.99258219677559,40.71375671371465
Precinct07,-73.99272266354569,40.71384440460542
Precinct07,-73.99282173481265,40.714365229949685
Precinct07,-73.99270089449267,40.714651818703395
Precinct07,-73.99249062534805,40.71508034087649
Precinct07,-73.99190572915857,40.71620302145721
Precinct07,-73.99172724143197,40.716552735713925
Precinct07,-73.99167727171255,40.71665064001351
Precinct07,-73.99130415370982,40.71738168193542
Precinct07,-73.99084515016456,40.71830857660505
Precinct07,-73.99040724131198,40.71912093585063
Precinct07,-73.99036354389418,40.71920481539384
Precinct07,-73.9903231261167,40.71928036425406
Precinct07,-73.98972000121199,40.72047858431298
Precinct07,-73.98913063635348,40.721644897853736
Precinct07,-73.98898560733659,40.72204116527433
Precinct07,-73.98894819277763,40.7221433918762
Precinct07,-73.9888936174098,40.7222925092235
Precinct07,-73.98877533267515,40.7226156968876
Precinct07,-73.98868690007737,40.72285731808216
Precinct07,-73.98863862848766,40.72293372026369
Precinct07,-73.98854361419585,40.72290361785347
Precinct07,-73.98786491520963,40.722697088701885
Precinct07,-73.98713584896315,40.7224698111207
Precinct07,-73.98628574022075,40.72224192000876
Precinct07,-73.98551686242642,40.72198522495775
Precinct07,-73.98467780295408,40.72173060534053
Precinct07,-73.98382387298203,40.721472871564316
Precinct07,-73.98300308767101,40.72122268107857
Precinct07,-73.98216615329959,40.7209688547744
Precinct07,-73.98130824240066,40.72070878563633
Precinct07,-73.9797346825409,40.72023524064061
Precinct07,-73.97966021722516,40.720212829678616
Precinct07,-73.97875234984325,40.719933706107064
Precinct07,-73.97803122662661,40.71963834764647
Precinct07,-73.97722379240899,40.71930977535693
Precinct07,-73.9767449568093,40.71921523353871
Precinct07,-73.97648182438402,40.71915962836044
Precinct07,-73.9763552520539,40.71913288391691
Precinct07,-73.97551012740001,40.71895861253012
Precinct07,-73.97545167545869,40.718946559425746
Precinct07,-73.9752533821482,40.71901198562249
Precinct07,-73.97501012877814,40.71906797817542
Precinct07,-73.97476751913402,40.71907892959455
Precinct07,-73.97469998244586,40.719091266191185
Precinct07,-73.97345389423181,40.718962954076
Precinct09,-73.97160900246391,40.72672340116989
Precinct09,-73.97162697271706,40.726628453499416
Precinct09,-73.97166972701159,40.72639232765692
Precinct09,-73.97169587451619,40.72624182930231
Precinct09,-73.97171894361507,40.72612199325951
Precinct09,-73.97173843379365,40.72599966755549
Precinct09,-73.97176755410217,40.7258333034546
Precinct09,-73.97177410965313,40.72582128133706
Precinct09,-73.9717914296149,40.72581422114905
Precinct09,-73.97181650587731,40.72581496675248
Precinct09,-73.97185935830923,40.72558296903027
Precinct09,-73.97187437695217,40.72550311607979
Precinct09,-73.97188490951483,40.725424405065766
Precinct09,-73.9719112073207,40.72529037069992
Precinct09,-73.97193374501076,40.72517629035121
Precinct09,-73.97193975456322,40.72515803861002
Precinct09,-73.97196154778608,40.72503997830822
Precinct09,-73.97200511841208,40.724841489708204
Precinct09,-73.97203666966882,40.72468407002005
Precinct09,-73.97206595867414,40.72455915832865
Precinct09,-73.97207196960349,40.724536350858095
Precinct09,-73.97208098151926,40.724497567930335
Precinct09,-73.97208400057288,40.72446790554567
Precinct09,-73.97209751290927,40.7244234147321
Precinct09,-73.97215609001728,40.7241701782781
Precinct09,-73.97216585996642,40.724131963273145
Precinct09,-73.972216923762,40.72393005464672
Precinct09,-73.97223344676965,40.723846779926305
Precinct09,-73.97226499868262,40.72371445683103
Precinct09,-73.97232507731586,40.723463499327295
Precinct09,-73.97236115744649,40.72331206047645
Precinct09,-73.97239945748277,40.723148816366596
Precinct09,-73.97251011180381,40.7226968860067
Precinct09,-73.97288971396699,40.7210882972193
Precinct09,-73.9729872979353,40.72066096693203
Precinct09,-73.97309252835214,40.720234688377225
Precinct09,-73.97320538551887,40.71980954075901
Precinct09,-73.9733258483209,40.71938560306987
Precinct09,-73.97345389423181,40.718962954076
Precinct09,-73.97469998244586,40.719091266191185
Precinct09,-73.97476751913402,40.71907892959455
Precinct09,-73.97501012877814,40.71906797817542
Precinct09,-73.9752533821482,40.71901198562249
Precinct09,-73.97545167545869,40.718946559425746
Precinct09,-73.97551012740001,40.71895861253012
Precinct09,-73.9763552520539,40.71913288391691
Precinct09,-73.97648182438402,40.71915962836044
Precinct09,-73.9767449568093,40.71921523353871
Precinct09,-73.97722379240899,40.71930977535693
Precinct09,-73.97803122662661,40.71963834764647
Precinct09,-73.97875234984325,40.719933706107064
Precinct09,-73.97966021722516,40.720212829678616
Precinct09,-73.9797346825409,40.72023524064061
Precinct09,-73.98130824240066,40.72070878563633
Precinct09,-73.98216615329959,40.7209688547744
Precinct09,-73.98300308767101,40.72122268107857
Precinct09,-73.98382387298203,40.721472871564316
Precinct09,-73.98467780295408,40.72173060534053
Precinct09,-73.98551686242642,40.72198522495775
Precinct09,-73.98628574022075,40.72224192000876
Precinct09,-73.98713584896315,40.7224698111207
Precinct09,-73.98786491520963,40.722697088701885
Precinct09,-73.98854361419585,40.72290361785347
Precinct09,-73.98863862848766,40.72293372026369
Precinct09,-73.98875683260616,40.72297036611113
Precinct09,-73.98939218169832,40.72317405849503
Precinct09,-73.99027361647936,40.72342601779058
Precinct09,-73.99099736302554,40.72364147145813
Precinct09,-73.99102410461465,40.72364943223782
Precinct09,-73.99111507481845,40.723678802707006
Precinct09,-73.99127307162458,40.72372981293941
Precinct09,-73.99135472800884,40.72375461908481
Precinct09,-73.99250385902864,40.72410592541924
Precinct09,-73.99260322264499,40.724136449683435
Precinct09,-73.99267182446474,40.72416025442204
Precinct09,-73.99339891296906,40.724412504831434
Precinct09,-73.9934576909809,40.724432895683286
Precinct09,-73.99417930485532,40.724692406811606
Precinct09,-73.99490827388995,40.72495122921941
Precinct09,-73.99532907937457,40.72508373972877
Precinct09,-73.9958457755858,40.72520835348177
Precinct09,-73.99677175777505,40.72543194350264
Precinct09,-73.99672066717697,40.725492203750335
Precinct09,-73.99584352722107,40.726526644211376
Precinct09,-73.99526963907842,40.727211360258714
Precinct09,-73.99475092982473,40.72781877594376
Precinct09,-73.99425278493557,40.72841245727644
Precinct09,-73.99392898866094,40.72879329028613
Precinct09,-73.99374703096082,40.72900729846037
Precinct09,-73.99326163136097,40.729579840947
Precinct09,-73.99284075752047,40.73007894976501
Precinct09,-73.99240763575249,40.730591211897284
Precinct09,-73.9919206974412,40.7311662977582
Precinct09,-73.99146366914216,40.73173324931777
Precinct09,-73.99145971106628,40.73173815889197
Precinct09,-73.99141587274298,40.73191139465226
Precinct09,-73.99137076173335,40.73208965927517
Precinct09,-73.99128059561788,40.73244596330348
Precinct09,-73.99111355499838,40.733213922375775
Precinct09,-73.99094484129402,40.733977692495785
Precinct09,-73.99075396816649,40.73483915407109
Precinct09,-73.98990296036128,40.734434789634356
Precinct09,-73.98877931684083,40.7339653992359
Precinct09,-73.98718049670539,40.73329214776167
Precinct09,-73.98494102792662,40.732347603782515
Precinct09,-73.98255629297816,40.731350134052
Precinct09,-73.98246876280103,40.731314884230635
Precinct09,-73.98150053433653,40.73091807712008
Precinct09,-73.9808200088371,40.730639159032584
Precinct09,-73.98034007566318,40.730442460873924
Precinct09,-73.97926849214929,40.729981428437476
Precinct09,-73.97802697950837,40.72943305960995
Precinct09,-73.97780808280912,40.729340395863396
Precinct09,-73.97739386843242,40.72916504779097
Precinct09,-73.97690436371693,40.72895782377543
Precinct09,-73.9762699711848,40.72868925919643
Precinct09,-73.9761520406028,40.72864520950921
Precinct09,-73.9758024378464,40.728518479919884
Precinct09,-73.97569651087606,40.72847505314048
Precinct09,-73.97329796199207,40.727428017067226
Precinct09,-73.972098758658,40.72690260872498
Precinct09,-73.97205015413252,40.72688094629491
Precinct09,-73.97202833207608,40.72687042735806
Precinct09,-73.97190586644466,40.72681313039843
Precinct09,-73.97184897348814,40.72679591620617
Precinct09,-73.9718020941575,40.72678172862967
Precinct09,-73.97161030113502,40.72672368159466
Precinct09,-73.97160900246391,40.72672340116989
